start_ip,end_ip,type,provider
182.253.140.250,182.253.140.250,Proxy,Indonesia
98.170.57.249,98.170.57.249,Proxy,United States
72.37.217.3,72.37.217.3,Proxy,United States
162.253.68.97,162.253.68.97,Proxy,United States
199.102.105.242,199.102.105.242,Proxy,United States
192.252.211.197,192.252.211.197,Proxy,Canada
206.220.175.2,206.220.175.2,Proxy,United States
46.8.69.128,46.8.69.128,Proxy,Russia
67.201.59.70,67.201.59.70,Proxy,United States
74.119.144.60,74.119.144.60,Proxy,United States
198.8.94.174,198.8.94.174,Proxy,Canada
72.195.34.42,72.195.34.42,Proxy,United States
192.111.130.5,192.111.130.5,Proxy,Canada
104.200.152.30,104.200.152.30,Proxy,United States
192.111.138.29,192.111.138.29,Proxy,United States
185.79.243.74,185.79.243.74,Proxy,Poland
169.239.236.201,169.239.236.201,Proxy,Nigeria
203.188.245.98,203.188.245.98,Proxy,Bangladesh
184.178.172.17,184.178.172.17,Proxy,United States
78.128.124.108,78.128.124.108,Proxy,Bulgaria
72.195.114.169,72.195.114.169,Proxy,United States
184.170.245.148,184.170.245.148,Proxy,United States
107.181.168.145,107.181.168.145,Proxy,United States
174.77.111.197,174.77.111.197,Proxy,United States
72.223.188.67,72.223.188.67,Proxy,United States
103.210.31.49,103.210.31.49,Proxy,India
203.189.152.141,203.189.152.141,Proxy,Cambodia
72.37.217.3,72.37.217.3,Proxy,United States
98.170.57.249,98.170.57.249,Proxy,United States
199.102.105.242,199.102.105.242,Proxy,United States
162.253.68.97,162.253.68.97,Proxy,United States
206.220.175.2,206.220.175.2,Proxy,United States
67.201.59.70,67.201.59.70,Proxy,United States
192.252.211.197,192.252.211.197,Proxy,Canada
74.119.144.60,74.119.144.60,Proxy,United States
72.195.34.42,72.195.34.42,Proxy,United States
198.8.94.174,198.8.94.174,Proxy,Canada
104.200.152.30,104.200.152.30,Proxy,United States
192.111.130.5,192.111.130.5,Proxy,Canada
202.62.49.65,202.62.49.65,Proxy,Cambodia
192.111.138.29,192.111.138.29,Proxy,United States
184.178.172.17,184.178.172.17,Proxy,United States
72.195.114.169,72.195.114.169,Proxy,United States
107.181.168.145,107.181.168.145,Proxy,United States
184.170.245.148,184.170.245.148,Proxy,United States
174.77.111.197,174.77.111.197,Proxy,United States
72.223.188.67,72.223.188.67,Proxy,United States
107.152.98.5,107.152.98.5,Proxy,United States
192.252.215.5,192.252.215.5,Proxy,Canada
203.189.154.223,203.189.154.223,Proxy,Cambodia
184.178.172.11,184.178.172.11,Proxy,United States
199.102.107.145,199.102.107.145,Proxy,United States